{"cameraMode":{"drawMode":0,"name":"Shaded","section":"Shading Mode"},"sceneLighting":true,"audioPlay":false,"sceneViewState":{"m_AlwaysRefresh":false,"showFog":true,"showSkybox":true,"showFlares":true,"showImageEffects":true,"showParticleSystems":true,"showVisualEffectGraphs":true,"m_FxEnabled":true},"in2DMode":false,"pivot":{"x":-1.545081615447998,"y":10.032441139221192,"z":-14.275008201599121},"rotation":{"x":0.034924428910017017,"y":-0.20481738448143006,"z":-0.007319222670048475,"w":-0.978182852268219},"size":3.450456380844116,"orthographic":false}