{"cameraMode":{"drawMode":0,"name":"Shaded","section":"Shading Mode"},"sceneLighting":false,"audioPlay":false,"sceneViewState":{"m_AlwaysRefresh":false,"showFog":true,"showSkybox":false,"showFlares":true,"showImageEffects":true,"showParticleSystems":true,"showVisualEffectGraphs":true,"m_FxEnabled":true},"in2DMode":false,"pivot":{"x":-5.898043155670166,"y":5.378077983856201,"z":-0.6562603116035461},"rotation":{"x":-0.00013249125913716853,"y":0.9095343947410584,"z":-0.0002808051067404449,"w":-0.4157014787197113},"size":7.963171005249023,"orthographic":false}